{
    "2020": {
        "JUL": {
            "totalAutoReg": 350,
            "totalUtilReg": 4,
            "totalRadieri": 1,
            "evShare": 0.024469233537243614,
            "usedShare": 0.03954802259887006
        },
        "AUG": {
            "totalAutoReg": 238,
            "totalUtilReg": 3,
            "totalRadieri": 0,
            "evShare": 0.018411405295315684,
            "usedShare": 0.06224066390041494
        },
        "SEP": {
            "totalAutoReg": 261,
            "totalUtilReg": 2,
            "totalRadieri": 23,
            "evShare": 0.021103896103896104,
            "usedShare": 0.060836501901140684
        },
        "OCT": {
            "totalAutoReg": 386,
            "totalUtilReg": 5,
            "totalRadieri": 1,
            "evShare": 0.027928396345539626,
            "usedShare": 0.03836317135549872
        },
        "NOV": {
            "totalAutoReg": 341,
            "totalUtilReg": 25,
            "totalRadieri": 6,
            "evShare": 0.02470768374164811,
            "usedShare": 0.030054644808743168
        },
        "DEC": {
            "totalAutoReg": 758,
            "totalUtilReg": 29,
            "totalRadieri": 5,
            "evShare": 0.0432224485177642,
            "usedShare": 0.029224904701397714
        }
    },
    "2021": {
        "JAN": {
            "totalAutoReg": 187,
            "totalUtilReg": 2,
            "totalRadieri": 20,
            "evShare": 0.023636622525986046,
            "usedShare": 0.12169312169312169
        },
        "FEB": {
            "totalAutoReg": 157,
            "totalUtilReg": 2,
            "totalRadieri": 4,
            "evShare": 0.0175617205395775,
            "usedShare": 0.1320754716981132
        },
        "MAR": {
            "totalAutoReg": 159,
            "totalUtilReg": 9,
            "totalRadieri": 12,
            "evShare": 0.01388418557399255,
            "usedShare": 0.26785714285714285
        },
        "APR": {
            "totalAutoReg": 118,
            "totalUtilReg": 6,
            "totalRadieri": 14,
            "evShare": 0.0110912343470483,
            "usedShare": 0.25
        },
        "MAY": {
            "totalAutoReg": 114,
            "totalUtilReg": 5,
            "totalRadieri": 7,
            "evShare": 0.010184391080617496,
            "usedShare": 0.20168067226890757
        },
        "JUN": {
            "totalAutoReg": 308,
            "totalUtilReg": 1,
            "totalRadieri": 7,
            "evShare": 0.02115008279391841,
            "usedShare": 0.09061488673139159
        },
        "JUL": {
            "totalAutoReg": 337,
            "totalUtilReg": 8,
            "totalRadieri": 8,
            "evShare": 0.018604374702805515,
            "usedShare": 0.0927536231884058
        },
        "AUG": {
            "totalAutoReg": 429,
            "totalUtilReg": 2,
            "totalRadieri": 4,
            "evShare": 0.022722121486854034,
            "usedShare": 0.06960556844547564
        },
        "SEP": {
            "totalAutoReg": 381,
            "totalUtilReg": 10,
            "totalRadieri": 6,
            "evShare": 0.03417533432392273,
            "usedShare": 0.11764705882352941
        },
        "OCT": {
            "totalAutoReg": 766,
            "totalUtilReg": 17,
            "totalRadieri": 13,
            "evShare": 0.06930415263748597,
            "usedShare": 0.05363984674329502
        },
        "NOV": {
            "totalAutoReg": 1710,
            "totalUtilReg": 4,
            "totalRadieri": 16,
            "evShare": 0.13308348616537757,
            "usedShare": 0.026254375729288213
        },
        "DEC": {
            "totalAutoReg": 2074,
            "totalUtilReg": 24,
            "totalRadieri": 8,
            "evShare": 0.15563114134542705,
            "usedShare": 0.018589132507149667
        }
    },
    "2022": {
        "JAN": {
            "totalAutoReg": 602,
            "totalUtilReg": 28,
            "totalRadieri": 26,
            "evShare": 0.058852523659305996,
            "usedShare": 0.05238095238095238
        },
        "FEB": {
            "totalAutoReg": 523,
            "totalUtilReg": 13,
            "totalRadieri": 19,
            "evShare": 0.05224583813213276,
            "usedShare": 0.06902985074626866
        },
        "MAR": {
            "totalAutoReg": 1104,
            "totalUtilReg": 6,
            "totalRadieri": 9,
            "evShare": 0.08779960053262317,
            "usedShare": 0.04954954954954955
        },
        "APR": {
            "totalAutoReg": 872,
            "totalUtilReg": 11,
            "totalRadieri": 7,
            "evShare": 0.08983578405066009,
            "usedShare": 0.052095130237825596
        },
        "MAY": {
            "totalAutoReg": 739,
            "totalUtilReg": 10,
            "totalRadieri": 23,
            "evShare": 0.06255585344057193,
            "usedShare": 0.06542056074766354
        },
        "JUN": {
            "totalAutoReg": 918,
            "totalUtilReg": 30,
            "totalRadieri": 14,
            "evShare": 0.06958846403110823,
            "usedShare": 0.0938818565400844
        },
        "JUL": {
            "totalAutoReg": 1140,
            "totalUtilReg": 31,
            "totalRadieri": 12,
            "evShare": 0.08269662921348314,
            "usedShare": 0.05721605465414176
        },
        "AUG": {
            "totalAutoReg": 957,
            "totalUtilReg": 17,
            "totalRadieri": 10,
            "evShare": 0.0674571028794462,
            "usedShare": 0.059548254620123205
        },
        "SEP": {
            "totalAutoReg": 1355,
            "totalUtilReg": 17,
            "totalRadieri": 18,
            "evShare": 0.09948370193419126,
            "usedShare": 0.05903790087463557
        },
        "OCT": {
            "totalAutoReg": 827,
            "totalUtilReg": 15,
            "totalRadieri": 19,
            "evShare": 0.07001044932079414,
            "usedShare": 0.04513064133016627
        },
        "NOV": {
            "totalAutoReg": 904,
            "totalUtilReg": 10,
            "totalRadieri": 29,
            "evShare": 0.07187133523203217,
            "usedShare": 0.061269146608315096
        },
        "DEC": {
            "totalAutoReg": 2324,
            "totalUtilReg": 10,
            "totalRadieri": 24,
            "evShare": 0.16745956232159848,
            "usedShare": 0.01970865467009426
        }
    },
    "2023": {
        "JAN": {
            "totalAutoReg": 1117,
            "totalUtilReg": 15,
            "totalRadieri": 80,
            "evShare": 0.08215554379865467,
            "usedShare": 0.03975265017667844
        },
        "FEB": {
            "totalAutoReg": 1095,
            "totalUtilReg": 20,
            "totalRadieri": 125,
            "evShare": 0.07748591497768346,
            "usedShare": 0.05022421524663677
        },
        "MAR": {
            "totalAutoReg": 1103,
            "totalUtilReg": 34,
            "totalRadieri": 107,
            "evShare": 0.07901805700641695,
            "usedShare": 0.06860158311345646
        },
        "APR": {
            "totalAutoReg": 925,
            "totalUtilReg": 36,
            "totalRadieri": 59,
            "evShare": 0.08429798356982823,
            "usedShare": 0.060353798126951096
        },
        "MAY": {
            "totalAutoReg": 1487,
            "totalUtilReg": 31,
            "totalRadieri": 82,
            "evShare": 0.09724495362793235,
            "usedShare": 0.06060606060606061
        },
        "JUN": {
            "totalAutoReg": 1648,
            "totalUtilReg": 27,
            "totalRadieri": 144,
            "evShare": 0.11322624018116198,
            "usedShare": 0.04477611940298507
        },
        "JUL": {
            "totalAutoReg": 2086,
            "totalUtilReg": 48,
            "totalRadieri": 298,
            "evShare": 0.1400644763015296,
            "usedShare": 0.04311152764761012
        },